object,mode_id,series_id,run_id,rows_total,rows_ok,rows_excluded,t0_ms,deadline_threshold_ms,load_level,load_passes,Tper_min_ms,Tper_max_ms,Tper_mean_ms,Tper_median_ms,Tper_q95_ms,Tper_q99_ms,Tper_q999_ms,Jper_min_ms,Jper_max_ms,Jper_mean_ms,deadline_miss_count,Rmiss,Lburst,quality_flags,notes,source_file,window_size_rows,window_count,Q99_window_min_ms,Q99_window_max_ms,DQ99_ms,valid_ratio,excluded_ratio,deadline_margin_q99_ms,deadline_margin_q999_ms
HW_PLC,S7_L0_IDLE_10_20,SER_20260502_S7_L0_IDLE_10_20_S01,RUN_20260502_S7_L0_IDLE_10_20_S01_R01,1000,1000,0,10,20,0,0,0.401,1.769,0.597539,0.575,1.174,1.373,1.733,-9.599,-8.231,-9.402460989,0,0,0,ok:1000,,raw_logs\hw_plc_s7_1200\S7_L0_IDLE_10_20\RUN_20260502_S7_L0_IDLE_10_20_S01_R01.csv,100,10,0.653,1.436,0.783,1,0,18.627,18.267
HW_PLC,S7_L0_IDLE_10_20,SER_20260502_S7_L0_IDLE_10_20_S01,RUN_20260502_S7_L0_IDLE_10_20_S01_R02,1000,1000,0,10,20,0,0,0.401,1.45,0.586662,0.575,1.164,1.369,1.447,-9.599,-8.55,-9.413337999,0,0,0,ok:1000,,raw_logs\hw_plc_s7_1200\S7_L0_IDLE_10_20\RUN_20260502_S7_L0_IDLE_10_20_S01_R02.csv,100,10,0.646,1.401,0.755,1,0,18.631,18.553
HW_PLC,S7_L0_IDLE_10_20,SER_20260502_S7_L0_IDLE_10_20_S01,RUN_20260502_S7_L0_IDLE_10_20_S01_R03,1000,1000,0,10,20,0,0,0.398,1.695,0.581926,0.576,1.15,1.378,1.592,-9.602,-8.305,-9.418073999,0,0,0,ok:1000,,raw_logs\hw_plc_s7_1200\S7_L0_IDLE_10_20\RUN_20260502_S7_L0_IDLE_10_20_S01_R03.csv,100,10,0.645,1.592,0.947,1,0,18.622,18.408
HW_PLC,S7_L0_IDLE_10_20,SER_20260502_S7_L0_IDLE_10_20_S01,RUN_20260502_S7_L0_IDLE_10_20_S01_R04,1000,1000,0,10,20,0,0,0.394,1.49,0.578244,0.572,1.16,1.39,1.441,-9.606,-8.51,-9.421755994,0,0,0,ok:1000,,raw_logs\hw_plc_s7_1200\S7_L0_IDLE_10_20\RUN_20260502_S7_L0_IDLE_10_20_S01_R04.csv,100,10,0.627,1.441,0.814,1,0,18.61,18.559
HW_PLC,S7_L0_IDLE_10_20,SER_20260502_S7_L0_IDLE_10_20_S01,RUN_20260502_S7_L0_IDLE_10_20_S01_R05,1000,1000,0,10,20,0,0,0.397,1.817,0.60748,0.577,1.212,1.388,1.555,-9.603,-8.183,-9.392519995,0,0,0,ok:1000,,raw_logs\hw_plc_s7_1200\S7_L0_IDLE_10_20\RUN_20260502_S7_L0_IDLE_10_20_S01_R05.csv,100,10,0.641,1.458,0.817,1,0,18.612,18.445
HW_PLC,S7_L1_LIGHT_10_20,SER_20260502_S7_L1_LIGHT_10_20_S01,RUN_20260502_S7_L1_LIGHT_10_20_S01_R01,1000,1000,0,10,20,1,32,4.749,7.734,5.497053,4.96,7.055,7.307,7.632,-5.251,-2.266,-4.502947,0,0,0,ok:1000,,raw_logs\hw_plc_s7_1200\S7_L1_LIGHT_10_20\RUN_20260502_S7_L1_LIGHT_10_20_S01_R01.csv,100,10,7.125,7.632,0.507,1,0,12.693,12.368
HW_PLC,S7_L1_LIGHT_10_20,SER_20260502_S7_L1_LIGHT_10_20_S01,RUN_20260502_S7_L1_LIGHT_10_20_S01_R02,1000,1000,0,10,20,1,32,4.743,7.585,5.478956,4.963,7.036,7.254,7.465,-5.257,-2.415,-4.521044,0,0,0,ok:1000,,raw_logs\hw_plc_s7_1200\S7_L1_LIGHT_10_20\RUN_20260502_S7_L1_LIGHT_10_20_S01_R02.csv,100,10,7.075,7.331,0.256,1,0,12.746,12.535
HW_PLC,S7_L1_LIGHT_10_20,SER_20260502_S7_L1_LIGHT_10_20_S01,RUN_20260502_S7_L1_LIGHT_10_20_S01_R03,1000,1000,0,10,20,1,32,4.752,8.142,5.473149,4.9635,7.054,7.295,7.737,-5.248,-1.858,-4.526851,0,0,0,ok:1000,,raw_logs\hw_plc_s7_1200\S7_L1_LIGHT_10_20\RUN_20260502_S7_L1_LIGHT_10_20_S01_R03.csv,100,10,7.087,7.665,0.578,1,0,12.705,12.263
HW_PLC,S7_L1_LIGHT_10_20,SER_20260502_S7_L1_LIGHT_10_20_S01,RUN_20260502_S7_L1_LIGHT_10_20_S01_R04,1000,1000,0,10,20,1,32,4.747,7.756,5.481971,4.959,7.05,7.256,7.596,-5.253,-2.244,-4.518029,0,0,0,ok:1000,,raw_logs\hw_plc_s7_1200\S7_L1_LIGHT_10_20\RUN_20260502_S7_L1_LIGHT_10_20_S01_R04.csv,100,10,7.056,7.355,0.299,1,0,12.744,12.404
HW_PLC,S7_L1_LIGHT_10_20,SER_20260502_S7_L1_LIGHT_10_20_S01,RUN_20260502_S7_L1_LIGHT_10_20_S01_R05,1000,1000,0,10,20,1,32,4.74,7.69,5.493379,4.9615,7.044,7.257,7.438,-5.26,-2.31,-4.506621,0,0,0,ok:1000,,raw_logs\hw_plc_s7_1200\S7_L1_LIGHT_10_20\RUN_20260502_S7_L1_LIGHT_10_20_S01_R05.csv,100,10,7.042,7.294,0.252,1,0,12.743,12.562
HW_PLC,S7_L2_MEDIUM_25_35,SER_20260502_S7_L2_MEDIUM_25_35_S01,RUN_20260502_S7_L2_MEDIUM_25_35_S01_R01,1000,1000,0,25,35,2,128,17.418,25.063,19.415477,18.059,24.122,24.772,25.041,-7.582001,0.06299973,-5.584523022,0,0,0,ok:1000,,raw_logs\hw_plc_s7_1200\S7_L2_MEDIUM_25_35\RUN_20260502_S7_L2_MEDIUM_25_35_S01_R01.csv,100,10,24.13,24.898,0.768,1,0,10.228,9.959
HW_PLC,S7_L2_MEDIUM_25_35,SER_20260502_S7_L2_MEDIUM_25_35_S01,RUN_20260502_S7_L2_MEDIUM_25_35_S01_R02,1000,1000,0,25,35,2,128,17.407,25.738,19.385629,18.031,23.957,24.698,24.932,-7.593,0.7380009,-5.614371003,0,0,0,ok:1000,,raw_logs\hw_plc_s7_1200\S7_L2_MEDIUM_25_35\RUN_20260502_S7_L2_MEDIUM_25_35_S01_R02.csv,100,10,24.291,24.721,0.43,1,0,10.302,10.068
HW_PLC,S7_L2_MEDIUM_25_35,SER_20260502_S7_L2_MEDIUM_25_35_S01,RUN_20260502_S7_L2_MEDIUM_25_35_S01_R03,1000,1000,0,25,35,2,128,17.41,25.563,19.383159,18.1785,23.93,24.819,25.464,-7.59,0.5629997,-5.616841001,0,0,0,ok:1000,,raw_logs\hw_plc_s7_1200\S7_L2_MEDIUM_25_35\RUN_20260502_S7_L2_MEDIUM_25_35_S01_R03.csv,100,10,24.108,25.278,1.17,1,0,10.181,9.536
HW_PLC,S7_L2_MEDIUM_25_35,SER_20260502_S7_L2_MEDIUM_25_35_S01,RUN_20260502_S7_L2_MEDIUM_25_35_S01_R04,1000,1000,0,25,35,2,128,17.403,25.926,19.38662,18.0225,24.142,24.778,25.113,-7.597,0.9260006,-5.613379984,0,0,0,ok:1000,,raw_logs\hw_plc_s7_1200\S7_L2_MEDIUM_25_35\RUN_20260502_S7_L2_MEDIUM_25_35_S01_R04.csv,100,10,24.218,25.029,0.811,1,0,10.222,9.887
HW_PLC,S7_L2_MEDIUM_25_35,SER_20260502_S7_L2_MEDIUM_25_35_S01,RUN_20260502_S7_L2_MEDIUM_25_35_S01_R05,1000,1000,0,25,35,2,128,17.4,24.941,19.366271,18.223,23.979,24.744,24.928,-7.6,-0.05900002,-5.633728998,0,0,0,ok:1000,,raw_logs\hw_plc_s7_1200\S7_L2_MEDIUM_25_35\RUN_20260502_S7_L2_MEDIUM_25_35_S01_R05.csv,100,10,23.762,24.819,1.057,1,0,10.256,10.072
HW_PLC,S7_L3_HIGH_75_100,SER_20260502_S7_L3_HIGH_75_100_S01,RUN_20260502_S7_L3_HIGH_75_100_S01_R01,1000,1000,0,75,100,3,512,68.061,94.638,73.223008,73.0925,79.01,82.882,84.253,-6.939003,19.638,-1.776992187,0,0,0,ok:1000,,raw_logs\hw_plc_s7_1200\S7_L3_HIGH_75_100\RUN_20260502_S7_L3_HIGH_75_100_S01_R01.csv,100,10,79.97,83.835,3.865,1,0,17.118,15.747
HW_PLC,S7_L3_HIGH_75_100,SER_20260502_S7_L3_HIGH_75_100_S01,RUN_20260502_S7_L3_HIGH_75_100_S01_R02,1000,1000,0,75,100,3,512,68.418,87.641,73.292933,73.2505,77.847,83.535,86.721,-6.582001,12.641,-1.707067013,0,0,0,ok:1000,,raw_logs\hw_plc_s7_1200\S7_L3_HIGH_75_100\RUN_20260502_S7_L3_HIGH_75_100_S01_R02.csv,100,10,79.051,84.29,5.239,1,0,16.465,13.279
HW_PLC,S7_L3_HIGH_75_100,SER_20260502_S7_L3_HIGH_75_100_S01,RUN_20260502_S7_L3_HIGH_75_100_S01_R03,1000,1000,0,75,100,3,512,68.129,93.728,73.279313,73.1085,78.195,83.569,84.095,-6.871002,18.728,-1.720687036,0,0,0,ok:1000,,raw_logs\hw_plc_s7_1200\S7_L3_HIGH_75_100\RUN_20260502_S7_L3_HIGH_75_100_S01_R03.csv,100,10,80.133,83.89,3.757,1,0,16.431,15.905
HW_PLC,S7_L3_HIGH_75_100,SER_20260502_S7_L3_HIGH_75_100_S01,RUN_20260502_S7_L3_HIGH_75_100_S01_R04,1000,1000,0,75,100,3,512,68.445,94.652,73.296098,73.197,77.703,82.713,84.371,-6.555,19.652,-1.703901879,0,0,0,ok:1000,,raw_logs\hw_plc_s7_1200\S7_L3_HIGH_75_100\RUN_20260502_S7_L3_HIGH_75_100_S01_R04.csv,100,10,79.893,84.085,4.192,1,0,17.287,15.629
HW_PLC,S7_L3_HIGH_75_100,SER_20260502_S7_L3_HIGH_75_100_S01,RUN_20260502_S7_L3_HIGH_75_100_S01_R05,1000,1000,0,75,100,3,512,68.464,94.449,73.243633,73.1555,77.688,82.003,84.107,-6.536003,19.449,-1.756367007,0,0,0,ok:1000,,raw_logs\hw_plc_s7_1200\S7_L3_HIGH_75_100\RUN_20260502_S7_L3_HIGH_75_100_S01_R05.csv,100,10,79.417,83.865,4.448,1,0,17.997,15.893
HW_PLC,S7_L3_STRESS_75_80,SER_20260502_S7_L3_STRESS_75_80_S01,RUN_20260502_S7_L3_STRESS_75_80_S01_R01,1000,1000,0,75,80,3,512,68.394,85.393,73.204089,73.147,78.226,83.567,84.056,-6.606003,10.393,-1.795911014,27,0.027,1,ok:1000,,raw_logs\hw_plc_s7_1200\S7_L3_STRESS_75_80\RUN_20260502_S7_L3_STRESS_75_80_S01_R01.csv,100,10,79.033,83.973,4.94,1,0,-3.567,-4.056
HW_PLC,S7_L3_STRESS_75_80,SER_20260502_S7_L3_STRESS_75_80_S01,RUN_20260502_S7_L3_STRESS_75_80_S01_R02,1000,1000,0,75,80,3,512,68.412,88.136,73.218118,73.1045,77.919,83.669,86.164,-6.587997,13.136,-1.781882025,31,0.031,1,ok:1000,,raw_logs\hw_plc_s7_1200\S7_L3_STRESS_75_80\RUN_20260502_S7_L3_STRESS_75_80_S01_R02.csv,100,10,78.483,86.046,7.563,1,0,-3.669,-6.164
HW_PLC,S7_L3_STRESS_75_80,SER_20260502_S7_L3_STRESS_75_80_S01,RUN_20260502_S7_L3_STRESS_75_80_S01_R03,1000,1000,0,75,80,3,512,68.41,86.072,73.161231,73.197,77.785,82.299,84.45,-6.589996,11.072,-1.83876887,27,0.027,1,ok:1000,,raw_logs\hw_plc_s7_1200\S7_L3_STRESS_75_80\RUN_20260502_S7_L3_STRESS_75_80_S01_R03.csv,100,10,79.788,83.914,4.126,1,0,-2.299,-4.45
HW_PLC,S7_L3_STRESS_75_80,SER_20260502_S7_L3_STRESS_75_80_S01,RUN_20260502_S7_L3_STRESS_75_80_S01_R04,1000,1000,0,75,80,3,512,68.086,88.347,73.130954,73.061,77.934,83.124,86.208,-6.914001,13.347,-1.869046012,28,0.028,1,ok:1000,,raw_logs\hw_plc_s7_1200\S7_L3_STRESS_75_80\RUN_20260502_S7_L3_STRESS_75_80_S01_R04.csv,100,10,79.599,83.665,4.066,1,0,-3.124,-6.208
HW_PLC,S7_L3_STRESS_75_80,SER_20260502_S7_L3_STRESS_75_80_S01,RUN_20260502_S7_L3_STRESS_75_80_S01_R05,1000,1000,0,75,80,3,512,68.051,84.256,73.23682,73.099,78.141,82.451,83.885,-6.948997,9.255997,-1.763179897,31,0.031,1,ok:1000,,raw_logs\hw_plc_s7_1200\S7_L3_STRESS_75_80\RUN_20260502_S7_L3_STRESS_75_80_S01_R05.csv,100,10,79.829,83.304,3.475,1,0,-2.451,-3.885
